Longitude,Latitude,Rating,Category,Restaurant,City,Price
106.7990363,-6.2219753,4.8,hotel,Fairmont Jakarta,Jakarta Barat,MODERATE
106.8059153,-6.22691,4.6,supermarket,GrandLucky Superstore SCBD,Jakarta Barat,EXPENSIVE
106.8065261,-6.2223165,4.6,event_venue,Hutan Kota by Plataran,Jakarta Barat,MODERATE
106.7921424,-6.1675366,4.8,hotel,Aston Kartika Grogol Hotel & Conference Center,Jakarta Barat,MODERATE
106.7346104,-6.1897129,4.8,japanese_restaurant,Hachi Grill Puri Indah,Jakarta Barat,INEXPENSIVE
106.7693236,-6.2369572,4.3,restaurant,Ok Pocha&CAFE,Jakarta Barat,INEXPENSIVE
106.807461,-6.2205886,4.5,seafood_restaurant,Sentosa Senayan,Jakarta Barat,MODERATE
106.7979397,-6.2259329,4.6,restaurant,CORK&SCREW COUNTRY CLUB,Jakarta Barat,EXPENSIVE
106.754029,-6.2188025,4.5,fast_food_restaurant,McDonald's Joglo,Jakarta Barat,MODERATE
106.8017407,-6.1907364,4.5,indonesian_restaurant,Bakso Mas Kumis,Jakarta Barat,MODERATE
106.7837425,-6.1747345,4.6,restaurant,Pisang Goreng Madu Bu Nanik,Jakarta Barat,INEXPENSIVE
106.8149517,-6.2151622,4.6,indonesian_restaurant,Bopet Mini Benhil,Jakarta Barat,EXPENSIVE
106.7513839,-6.1829652,4.4,hotel,Favehotel Puri Indah,Jakarta Barat,EXPENSIVE
106.7687766,-6.1859371,4.6,chinese_restaurant,Angke Restaurant - Kedoya,Jakarta Barat,EXPENSIVE
106.7627826,-6.1658674,4.4,fast_food_restaurant,McDonald's,Jakarta Barat,MODERATE
106.7973948,-6.2167908,4.6,restaurant,ACTA BRASSERIE,Jakarta Barat,INEXPENSIVE
106.7955086,-6.1659901,4.5,fast_food_restaurant,"Sambal Bakar Indonesia, Grogol",Jakarta Barat,MODERATE
106.7555698,-6.1955762,4.6,seafood_restaurant,Layar Seafood & Ikan Bakar Pesanggrahan,Jakarta Barat,MODERATE
106.7802735,-6.2155918,4.7,italian_restaurant,Emilia Cucina Italiana,Jakarta Barat,INEXPENSIVE
106.7990363,-6.2219753,4.8,hotel,Fairmont Jakarta,Jakarta Barat,MODERATE
106.8065261,-6.2223165,4.6,event_venue,Hutan Kota by Plataran,Jakarta Barat,EXPENSIVE
106.7921424,-6.1675366,4.8,hotel,Aston Kartika Grogol Hotel & Conference Center,Jakarta Barat,INEXPENSIVE
106.807461,-6.2205886,4.5,seafood_restaurant,Sentosa Senayan,Jakarta Barat,MODERATE
106.8236089,-6.1856328,4.5,hotel,"Sari Pacific Jakarta, Autograph Collection",Jakarta Barat,MODERATE
106.825699,-6.1834608,4.4,indonesian_restaurant,Nasi Goreng Kambing Kebon Sirih,Jakarta Barat,MODERATE
106.7979397,-6.2259329,4.6,restaurant,CORK&SCREW COUNTRY CLUB,Jakarta Barat,MODERATE
106.754029,-6.2188025,4.5,fast_food_restaurant,McDonald's Joglo,Jakarta Barat,EXPENSIVE
106.8017407,-6.1907364,4.5,indonesian_restaurant,Bakso Mas Kumis,Jakarta Barat,MODERATE
106.8149517,-6.2151622,4.6,indonesian_restaurant,Bopet Mini Benhil,Jakarta Barat,EXPENSIVE
106.7837425,-6.1747345,4.6,restaurant,Pisang Goreng Madu Bu Nanik,Jakarta Barat,INEXPENSIVE
106.7513839,-6.1829652,4.4,hotel,Favehotel Puri Indah,Jakarta Barat,MODERATE
106.7687766,-6.1859371,4.6,chinese_restaurant,Angke Restaurant - Kedoya,Jakarta Barat,MODERATE
106.7627826,-6.1658674,4.4,fast_food_restaurant,McDonald's,Jakarta Barat,INEXPENSIVE
106.7955086,-6.1659901,4.5,fast_food_restaurant,"Sambal Bakar Indonesia, Grogol",Jakarta Barat,INEXPENSIVE
106.7973948,-6.2167908,4.6,restaurant,ACTA BRASSERIE,Jakarta Barat,MODERATE
106.8110702,-6.1733804,4.4,fast_food_restaurant,McDonald's Cideng,Jakarta Barat,MODERATE
106.7555698,-6.1955762,4.6,seafood_restaurant,Layar Seafood & Ikan Bakar Pesanggrahan,Jakarta Barat,EXPENSIVE
106.8167709,-6.1599069,4.5,chinese_restaurant,Angke Restaurant - Ketapang,Jakarta Barat,INEXPENSIVE
106.7235642,-6.1673082,4.6,indonesian_restaurant,Kampung Kecil Kosambi,Jakarta Barat,MODERATE
106.7282614,-6.168859,4.4,indonesian_restaurant,Talaga Sampireun - Puri,Jakarta Barat,MODERATE
106.6762481,-6.1851601,4.4,indonesian_restaurant,Madun Oseng Nyak Kopsah,Jakarta Barat,MODERATE
106.7251393,-6.1642137,4.4,fast_food_restaurant,KFC Taman Semanan Indah,Jakarta Barat,INEXPENSIVE
106.6896084,-6.118187,4.4,hotel,Swiss-Belinn Airport Jakarta,Jakarta Barat,INEXPENSIVE
106.7317003,-6.1358162,4.4,seafood_restaurant,DAPUR ROSO City Resort,Jakarta Barat,EXPENSIVE
106.6862083,-6.1121549,4.5,seafood_restaurant,Lembur Kuring Restaurant,Jakarta Barat,MODERATE
106.6861371,-6.133572,4.3,hotel,favehotel Bandara - Tangerang,Jakarta Barat,EXPENSIVE
106.7287368,-6.1825571,4.5,seafood_restaurant,Pantai Sentosa Seafood Market,Jakarta Barat,MODERATE
106.690115,-6.1388513,4.4,seafood_restaurant,Saung Rawa Lele,Jakarta Barat,MODERATE
106.71397,-6.12772,4.5,fast_food_restaurant,McDonald's Citra Garden 6,Jakarta Barat,INEXPENSIVE
106.7288066,-6.1538554,4.2,hotel,Samala Hotel Jakarta Cengkareng,Jakarta Barat,EXPENSIVE
106.7073208,-6.1426607,4.5,fast_food_restaurant,KFC - Citra Garden 2,Jakarta Barat,MODERATE
106.6821159,-6.1430209,4.4,fast_food_restaurant,McDonalds Duta Garden,Jakarta Barat,EXPENSIVE
106.72154,-6.1693554,4.5,restaurant,Bakmi Ayam H. Ahok,Jakarta Barat,INEXPENSIVE
106.7221828,-6.1428952,4.6,sports_complex,GOR Cendrawasih,Jakarta Barat,INEXPENSIVE
106.7027291,-6.1464838,4.6,restaurant,MIMUME CITRA,Jakarta Barat,MODERATE
106.7007458,-6.1469098,4.6,fast_food_restaurant,McDonald's Citra Garden 7,Jakarta Barat,MODERATE
106.7233717,-6.1387363,4.6,seafood_restaurant,Aromasop Seafood Taman Palem,Jakarta Barat,MODERATE
106.7096459,-6.1802341,4.6,japanese_restaurant,MAISON TATEI - Green Lake City,Jakarta Barat,EXPENSIVE
106.7346104,-6.1897129,4.8,japanese_restaurant,Hachi Grill Puri Indah,Jakarta Barat,INEXPENSIVE
106.7627826,-6.1658674,4.4,fast_food_restaurant,McDonald's,Jakarta Barat,INEXPENSIVE
106.7513839,-6.1829652,4.4,hotel,Favehotel Puri Indah,Jakarta Barat,INEXPENSIVE
106.7235642,-6.1673082,4.6,indonesian_restaurant,Kampung Kecil Kosambi,Jakarta Barat,INEXPENSIVE
106.7282614,-6.168859,4.4,indonesian_restaurant,Talaga Sampireun - Puri,Jakarta Barat,EXPENSIVE
106.736229,-6.1844488,4.7,hotel,Hotel NEO Puri Indah - Jakarta,Jakarta Barat,MODERATE
106.7251393,-6.1642137,4.4,fast_food_restaurant,KFC Taman Semanan Indah,Jakarta Barat,INEXPENSIVE
106.7570235,-6.1804914,4.5,indonesian_restaurant,Kampung Kecil Kedoya Puri Kembangan,Jakarta Barat,INEXPENSIVE
106.7346848,-6.1897866,4.8,restaurant,Michael's Garden Cafe,Jakarta Barat,MODERATE
106.7683471,-6.1696643,4.6,ramen_restaurant,Ichisan Ramen Taman Ratu,Jakarta Barat,INEXPENSIVE
106.7317003,-6.1358162,4.4,seafood_restaurant,DAPUR ROSO City Resort,Jakarta Barat,EXPENSIVE
106.738068,-6.18725,4.6,fast_food_restaurant,McDonald's Puri Kembangan,Jakarta Barat,INEXPENSIVE
106.7287368,-6.1825571,4.5,seafood_restaurant,Pantai Sentosa Seafood Market,Jakarta Barat,EXPENSIVE
106.7579159,-6.1165833,4.6,chinese_restaurant,Angke Restaurant - PIK,Jakarta Barat,INEXPENSIVE
106.71397,-6.12772,4.5,fast_food_restaurant,McDonald's Citra Garden 6,Jakarta Barat,INEXPENSIVE
106.7288066,-6.1538554,4.2,hotel,Samala Hotel Jakarta Cengkareng,Jakarta Barat,EXPENSIVE
106.73791,-6.110587,4.6,restaurant,The Garden PIK,Jakarta Barat,MODERATE
106.7073208,-6.1426607,4.5,fast_food_restaurant,KFC - Citra Garden 2,Jakarta Barat,MODERATE
106.7722566,-6.169659,4.4,indonesian_restaurant,"Waroeng Spesial Sambal ""SS"" Greenville",Jakarta Barat,INEXPENSIVE
106.7394481,-6.1766442,4.4,indonesian_restaurant,Permata Mubarok 1,Jakarta Barat,MODERATE
106.7921424,-6.1675366,4.8,hotel,Aston Kartika Grogol Hotel & Conference Center,Jakarta Barat,INEXPENSIVE
106.7346104,-6.1897129,4.8,japanese_restaurant,Hachi Grill Puri Indah,Jakarta Barat,INEXPENSIVE
106.7837425,-6.1747345,4.6,restaurant,Pisang Goreng Madu Bu Nanik,Jakarta Barat,MODERATE
106.7513839,-6.1829652,4.4,hotel,Favehotel Puri Indah,Jakarta Barat,INEXPENSIVE
106.7687766,-6.1859371,4.6,chinese_restaurant,Angke Restaurant - Kedoya,Jakarta Barat,EXPENSIVE
106.7627826,-6.1658674,4.4,fast_food_restaurant,McDonald's,Jakarta Barat,INEXPENSIVE
106.7955086,-6.1659901,4.5,fast_food_restaurant,"Sambal Bakar Indonesia, Grogol",Jakarta Barat,MODERATE
106.7235642,-6.1673082,4.6,indonesian_restaurant,Kampung Kecil Kosambi,Jakarta Barat,MODERATE
106.7282614,-6.168859,4.4,indonesian_restaurant,Talaga Sampireun - Puri,Jakarta Barat,MODERATE
106.7555698,-6.1955762,4.6,seafood_restaurant,Layar Seafood & Ikan Bakar Pesanggrahan,Jakarta Barat,MODERATE
106.736229,-6.1844488,4.7,hotel,Hotel NEO Puri Indah - Jakarta,Jakarta Barat,INEXPENSIVE
106.7570235,-6.1804914,4.5,indonesian_restaurant,Kampung Kecil Kedoya Puri Kembangan,Jakarta Barat,INEXPENSIVE
106.7838185,-6.1801185,4.5,ramen_restaurant,Ichisan Ramen,Jakarta Barat,INEXPENSIVE
106.7251393,-6.1642137,4.4,fast_food_restaurant,KFC Taman Semanan Indah,Jakarta Barat,INEXPENSIVE
106.7346848,-6.1897866,4.8,restaurant,Michael's Garden Cafe,Jakarta Barat,EXPENSIVE
106.7832158,-6.1721254,4.4,indonesian_restaurant,Waroeng SS Tanjung Duren,Jakarta Barat,EXPENSIVE
106.7999024,-6.1768049,4.4,chinese_restaurant,Central Restaurant Tomang,Jakarta Barat,EXPENSIVE
106.7691556,-6.1993111,4.5,fast_food_restaurant,McDonald's Kebon Jeruk,Jakarta Barat,EXPENSIVE
106.7683471,-6.1696643,4.6,ramen_restaurant,Ichisan Ramen Taman Ratu,Jakarta Barat,MODERATE
106.7903597,-6.166006,4.5,restaurant,Libero (Coffee â€¢ Kitchen â€¢ Gelato),Jakarta Barat,MODERATE
106.8336548,-6.1668678,4.6,shopping_mall,Pos Bloc Jakarta,Jakarta Pusat,INEXPENSIVE
106.8407016,-6.1793363,4.4,indonesian_restaurant,Talaga Sampireun Menteng,Jakarta Pusat,INEXPENSIVE
106.8282199,-6.1985912,4.7,restaurant,The Acre,Jakarta Pusat,EXPENSIVE
106.8434155,-6.1225765,4.6,seafood_restaurant,Bandar Djakarta,Jakarta Pusat,INEXPENSIVE
106.8493247,-6.1608762,4.6,restaurant,TanSu Kemayoran,Jakarta Pusat,INEXPENSIVE
106.8323,-6.1630706,4.5,hotel,YUAN GARDEN Pasar Baru,Jakarta Pusat,MODERATE
106.8386859,-6.1481438,4.6,hotel,Grand Orchardz Kemayoran,Jakarta Pusat,INEXPENSIVE
106.8298953,-6.1697846,4.4,ice_cream_shop,Ragusa Es Italia,Jakarta Pusat,EXPENSIVE
106.825699,-6.1834608,4.4,indonesian_restaurant,Nasi Goreng Kambing Kebon Sirih,Jakarta Pusat,INEXPENSIVE
106.8236089,-6.1856328,4.5,hotel,"Sari Pacific Jakarta, Autograph Collection",Jakarta Pusat,MODERATE
106.8170028,-6.146228,4.6,hotel,Sun City,Jakarta Pusat,MODERATE
106.8679208,-6.1694145,4.2,coffee_shop,Kaizen Coffee 4.0 / Kaizen Heritage,Jakarta Pusat,INEXPENSIVE
106.8285812,-6.1919015,4.7,indonesian_restaurant,Plataran Menteng,Jakarta Pusat,EXPENSIVE
106.8457796,-6.1541007,4.8,hotel,Aston Kemayoran City Hotel,Jakarta Pusat,EXPENSIVE
106.819556,-6.16079,4.5,fast_food_restaurant,McDonald's Hayam Wuruk,Jakarta Pusat,INEXPENSIVE
106.8280343,-6.186832,4.3,hotel,AONE Hotel Jakarta,Jakarta Pusat,EXPENSIVE
106.8167709,-6.1599069,4.5,chinese_restaurant,Angke Restaurant - Ketapang,Jakarta Pusat,EXPENSIVE
106.8250395,-6.1955014,4.6,indonesian_restaurant,Seribu Rasa Menteng,Jakarta Pusat,EXPENSIVE
106.8664631,-6.1386393,4.2,restaurant,Dadar Beredar - Sunter,Jakarta Pusat,INEXPENSIVE
106.8406679,-6.1766973,4.6,restaurant,Jurnal Risa Coffee Atrium,Jakarta Pusat,MODERATE
106.8282199,-6.1985912,4.7,restaurant,The Acre,Jakarta Pusat,INEXPENSIVE
106.825699,-6.1834608,4.4,indonesian_restaurant,Nasi Goreng Kambing Kebon Sirih,Jakarta Pusat,EXPENSIVE
106.8236089,-6.1856328,4.5,hotel,"Sari Pacific Jakarta, Autograph Collection",Jakarta Pusat,INEXPENSIVE
106.8285812,-6.1919015,4.7,indonesian_restaurant,Plataran Menteng,Jakarta Pusat,MODERATE
106.8280343,-6.186832,4.3,hotel,AONE Hotel Jakarta,Jakarta Pusat,INEXPENSIVE
106.8250395,-6.1955014,4.6,indonesian_restaurant,Seribu Rasa Menteng,Jakarta Pusat,INEXPENSIVE
106.822582,-6.196728,4.6,restaurant,Skye,Jakarta Pusat,MODERATE
106.8110702,-6.1733804,4.4,fast_food_restaurant,McDonald's Cideng,Jakarta Pusat,INEXPENSIVE
106.8309774,-6.1771447,4.7,restaurant,Stasiun Gambir Pejalan Kaki,Jakarta Pusat,INEXPENSIVE
106.8281909,-6.1909888,4.3,meal_takeaway,Gohyong Malaya Fried Chicken,Jakarta Pusat,EXPENSIVE
106.832089,-6.187302,4.5,middle_eastern_restaurant,Al Jazeerah Signature Restaurant & Lounge,Jakarta Pusat,MODERATE
106.827338,-6.1834206,4.5,restaurant,Penang Bistro - Kebon Sirih,Jakarta Pusat,EXPENSIVE
106.8238709,-6.1974798,4.6,restaurant,GIOI Menteng,Jakarta Pusat,EXPENSIVE
106.8242368,-6.1979566,4.6,indonesian_restaurant,Kaum Jakarta,Jakarta Pusat,EXPENSIVE
106.8239338,-6.1921699,4.7,restaurant,Sudestada Jakarta,Jakarta Pusat,MODERATE
106.8244094,-6.1980742,4.5,chinese_restaurant,Twelve Chinese Dining,Jakarta Pusat,EXPENSIVE
106.8283578,-6.1972078,4.6,hotel,"Hotel Des Indes, Menteng",Jakarta Pusat,INEXPENSIVE
106.834226,-6.187331,4.4,hotel,Sofyan Hotel Cut Meutia Cikini Menteng Jakarta,Jakarta Pusat,EXPENSIVE
106.833233,-6.189138,4.6,indonesian_restaurant,Tugu Kunstkring Paleis,Jakarta Pusat,MODERATE
106.8206531,-6.1835275,4.2,cafe,Langit Seduh Rooftop,Jakarta Pusat,MODERATE
106.8213011,-6.2115987,4.5,community_center,Chillax Sudirman,Jakarta Pusat,MODERATE
106.8537757,-6.228984,4.1,restaurant,Mie Gacoan,Jakarta Pusat,EXPENSIVE
106.8059153,-6.22691,4.6,supermarket,GrandLucky Superstore SCBD,Jakarta Pusat,EXPENSIVE
106.8238934,-6.2242218,4.8,hotel,Raffles Jakarta,Jakarta Pusat,EXPENSIVE
106.8336548,-6.1668678,4.6,shopping_mall,Pos Bloc Jakarta,Jakarta Pusat,INEXPENSIVE
106.8065261,-6.2223165,4.6,event_venue,Hutan Kota by Plataran,Jakarta Pusat,EXPENSIVE
106.8407016,-6.1793363,4.4,indonesian_restaurant,Talaga Sampireun Menteng,Jakarta Pusat,MODERATE
106.8282199,-6.1985912,4.7,restaurant,The Acre,Jakarta Pusat,EXPENSIVE
106.8493247,-6.1608762,4.6,restaurant,TanSu Kemayoran,Jakarta Pusat,INEXPENSIVE
106.807461,-6.2205886,4.5,seafood_restaurant,Sentosa Senayan,Jakarta Pusat,MODERATE
106.8323,-6.1630706,4.5,hotel,YUAN GARDEN Pasar Baru,Jakarta Pusat,MODERATE
106.8469594,-6.2246907,4.7,indonesian_restaurant,Pagi Sore Saharjo,Jakarta Pusat,MODERATE
106.8298953,-6.1697846,4.4,ice_cream_shop,Ragusa Es Italia,Jakarta Pusat,MODERATE
106.825699,-6.1834608,4.4,indonesian_restaurant,Nasi Goreng Kambing Kebon Sirih,Jakarta Pusat,EXPENSIVE
106.8479561,-6.2230159,4.4,hotel,Harris Hotel Tebet - Jakarta,Jakarta Pusat,EXPENSIVE
106.8236089,-6.1856328,4.5,hotel,"Sari Pacific Jakarta, Autograph Collection",Jakarta Pusat,EXPENSIVE
106.8149517,-6.2151622,4.6,indonesian_restaurant,Bopet Mini Benhil,Jakarta Pusat,MODERATE
106.8017407,-6.1907364,4.5,indonesian_restaurant,Bakso Mas Kumis,Jakarta Pusat,EXPENSIVE
106.8122201,-6.2329917,4.6,korean_restaurant,Legend of Noodle,Jakarta Pusat,EXPENSIVE
106.8336548,-6.1668678,4.6,shopping_mall,Pos Bloc Jakarta,Jakarta Pusat,EXPENSIVE
106.8407016,-6.1793363,4.4,indonesian_restaurant,Talaga Sampireun Menteng,Jakarta Pusat,EXPENSIVE
106.8282199,-6.1985912,4.7,restaurant,The Acre,Jakarta Pusat,EXPENSIVE
106.8493247,-6.1608762,4.6,restaurant,TanSu Kemayoran,Jakarta Pusat,EXPENSIVE
106.8323,-6.1630706,4.5,hotel,YUAN GARDEN Pasar Baru,Jakarta Pusat,INEXPENSIVE
106.8298953,-6.1697846,4.4,ice_cream_shop,Ragusa Es Italia,Jakarta Pusat,INEXPENSIVE
106.825699,-6.1834608,4.4,indonesian_restaurant,Nasi Goreng Kambing Kebon Sirih,Jakarta Pusat,INEXPENSIVE
106.8386859,-6.1481438,4.6,hotel,Grand Orchardz Kemayoran,Jakarta Pusat,MODERATE
106.8236089,-6.1856328,4.5,hotel,"Sari Pacific Jakarta, Autograph Collection",Jakarta Pusat,MODERATE
106.8479561,-6.2230159,4.4,hotel,Harris Hotel Tebet - Jakarta,Jakarta Pusat,EXPENSIVE
106.8679208,-6.1694145,4.2,coffee_shop,Kaizen Coffee 4.0 / Kaizen Heritage,Jakarta Pusat,INEXPENSIVE
106.8285812,-6.1919015,4.7,indonesian_restaurant,Plataran Menteng,Jakarta Pusat,EXPENSIVE
106.8457796,-6.1541007,4.8,hotel,Aston Kemayoran City Hotel,Jakarta Pusat,MODERATE
106.8280343,-6.186832,4.3,hotel,AONE Hotel Jakarta,Jakarta Pusat,MODERATE
106.8406679,-6.1766973,4.6,restaurant,Jurnal Risa Coffee Atrium,Jakarta Pusat,INEXPENSIVE
106.8250395,-6.1955014,4.6,indonesian_restaurant,Seribu Rasa Menteng,Jakarta Pusat,INEXPENSIVE
106.8366926,-6.1969843,4.6,restaurant,Silk Bistro,Jakarta Pusat,MODERATE
106.8309774,-6.1771447,4.7,restaurant,Stasiun Gambir Pejalan Kaki,Jakarta Pusat,INEXPENSIVE
106.8664631,-6.1386393,4.2,restaurant,Dadar Beredar - Sunter,Jakarta Pusat,MODERATE
106.8454406,-6.2106164,4.4,hotel,YELLO Hotel Manggarai - Jakarta,Jakarta Pusat,MODERATE
106.8336548,-6.1668678,4.6,shopping_mall,Pos Bloc Jakarta,Jakarta Pusat,INEXPENSIVE
106.8407016,-6.1793363,4.4,indonesian_restaurant,Talaga Sampireun Menteng,Jakarta Pusat,EXPENSIVE
106.8282199,-6.1985912,4.7,restaurant,The Acre,Jakarta Pusat,MODERATE
106.8493247,-6.1608762,4.6,restaurant,TanSu Kemayoran,Jakarta Pusat,EXPENSIVE
106.8323,-6.1630706,4.5,hotel,YUAN GARDEN Pasar Baru,Jakarta Pusat,MODERATE
106.8386859,-6.1481438,4.6,hotel,Grand Orchardz Kemayoran,Jakarta Pusat,EXPENSIVE
106.8298953,-6.1697846,4.4,ice_cream_shop,Ragusa Es Italia,Jakarta Pusat,INEXPENSIVE
106.825699,-6.1834608,4.4,indonesian_restaurant,Nasi Goreng Kambing Kebon Sirih,Jakarta Pusat,INEXPENSIVE
106.8236089,-6.1856328,4.5,hotel,"Sari Pacific Jakarta, Autograph Collection",Jakarta Pusat,INEXPENSIVE
106.8170028,-6.146228,4.6,hotel,Sun City,Jakarta Pusat,MODERATE
106.8679208,-6.1694145,4.2,coffee_shop,Kaizen Coffee 4.0 / Kaizen Heritage,Jakarta Pusat,EXPENSIVE
106.8457796,-6.1541007,4.8,hotel,Aston Kemayoran City Hotel,Jakarta Pusat,EXPENSIVE
106.8285812,-6.1919015,4.7,indonesian_restaurant,Plataran Menteng,Jakarta Pusat,MODERATE
106.819556,-6.16079,4.5,fast_food_restaurant,McDonald's Hayam Wuruk,Jakarta Pusat,EXPENSIVE
106.8280343,-6.186832,4.3,hotel,AONE Hotel Jakarta,Jakarta Pusat,MODERATE
106.8167709,-6.1599069,4.5,chinese_restaurant,Angke Restaurant - Ketapang,Jakarta Pusat,MODERATE
106.8664631,-6.1386393,4.2,restaurant,Dadar Beredar - Sunter,Jakarta Pusat,INEXPENSIVE
106.8406679,-6.1766973,4.6,restaurant,Jurnal Risa Coffee Atrium,Jakarta Pusat,INEXPENSIVE
106.8250395,-6.1955014,4.6,indonesian_restaurant,Seribu Rasa Menteng,Jakarta Pusat,MODERATE
106.8366926,-6.1969843,4.6,restaurant,Silk Bistro,Jakarta Pusat,EXPENSIVE
106.8213011,-6.2115987,4.5,community_center,Chillax Sudirman,Jakarta Selatan,EXPENSIVE
106.8537757,-6.228984,4.1,restaurant,Mie Gacoan,Jakarta Selatan,MODERATE
106.7987725,-6.241519,4.6,event_venue,M Bloc Space,Jakarta Selatan,INEXPENSIVE
106.7990363,-6.2219753,4.8,hotel,Fairmont Jakarta,Jakarta Selatan,EXPENSIVE
106.8059153,-6.22691,4.6,supermarket,GrandLucky Superstore SCBD,Jakarta Selatan,INEXPENSIVE
106.8238934,-6.2242218,4.8,hotel,Raffles Jakarta,Jakarta Selatan,MODERATE
106.7933587,-6.2438521,4.5,restaurant,Gultik blok M,Jakarta Selatan,EXPENSIVE
106.8065261,-6.2223165,4.6,event_venue,Hutan Kota by Plataran,Jakarta Selatan,MODERATE
106.8089249,-6.2684581,4.6,restaurant,Winglok Hongkong Dimsum Antasari,Jakarta Selatan,INEXPENSIVE
106.8144371,-6.257539,4.6,fast_food_restaurant,McDonald's Kemang Raya,Jakarta Selatan,INEXPENSIVE
106.7918347,-6.2473575,4.6,ramen_restaurant,RAMEN SEIROCK-YA Honten,Jakarta Selatan,INEXPENSIVE
106.8282199,-6.1985912,4.7,restaurant,The Acre,Jakarta Selatan,EXPENSIVE
106.8020534,-6.2467541,4.6,restaurant,Ayam Goreng Berkah,Jakarta Selatan,EXPENSIVE
106.807461,-6.2205886,4.5,seafood_restaurant,Sentosa Senayan,Jakarta Selatan,INEXPENSIVE
106.7986114,-6.2439439,4.4,chinese_restaurant,HAKA Dimsum Blok M,Jakarta Selatan,INEXPENSIVE
106.8469594,-6.2246907,4.7,indonesian_restaurant,Pagi Sore Saharjo,Jakarta Selatan,MODERATE
106.8479561,-6.2230159,4.4,hotel,Harris Hotel Tebet - Jakarta,Jakarta Selatan,INEXPENSIVE
106.8311636,-6.2629467,4,restaurant,Warunk WOW KWB Jakarta Selatan,Jakarta Selatan,INEXPENSIVE
106.7979397,-6.2259329,4.6,restaurant,CORK&SCREW COUNTRY CLUB,Jakarta Selatan,INEXPENSIVE
106.8122201,-6.2329917,4.6,korean_restaurant,Legend of Noodle,Jakarta Selatan,INEXPENSIVE
106.7987725,-6.241519,4.6,event_venue,M Bloc Space,Jakarta Selatan,MODERATE
106.7990363,-6.2219753,4.8,hotel,Fairmont Jakarta,Jakarta Selatan,MODERATE
106.8059153,-6.22691,4.6,supermarket,GrandLucky Superstore SCBD,Jakarta Selatan,EXPENSIVE
106.759439,-6.2709182,4.1,restaurant,Mie Gacoan - Bintaro,Jakarta Selatan,MODERATE
106.7933587,-6.2438521,4.5,restaurant,Gultik blok M,Jakarta Selatan,INEXPENSIVE
106.8065261,-6.2223165,4.6,event_venue,Hutan Kota by Plataran,Jakarta Selatan,EXPENSIVE
106.8089249,-6.2684581,4.6,restaurant,Winglok Hongkong Dimsum Antasari,Jakarta Selatan,INEXPENSIVE
106.7918347,-6.2473575,4.6,ramen_restaurant,RAMEN SEIROCK-YA Honten,Jakarta Selatan,MODERATE
106.8144371,-6.257539,4.6,fast_food_restaurant,McDonald's Kemang Raya,Jakarta Selatan,EXPENSIVE
106.7693236,-6.2369572,4.3,restaurant,Ok Pocha&CAFE,Jakarta Selatan,INEXPENSIVE
106.8020534,-6.2467541,4.6,restaurant,Ayam Goreng Berkah,Jakarta Selatan,INEXPENSIVE
106.7986114,-6.2439439,4.4,chinese_restaurant,HAKA Dimsum Blok M,Jakarta Selatan,MODERATE
106.807461,-6.2205886,4.5,seafood_restaurant,Sentosa Senayan,Jakarta Selatan,MODERATE
106.8004725,-6.2746705,4.6,restaurant,Levant Boulangerie,Jakarta Selatan,INEXPENSIVE
106.7979397,-6.2259329,4.6,restaurant,CORK&SCREW COUNTRY CLUB,Jakarta Selatan,EXPENSIVE
106.7974781,-6.2482247,4.4,indonesian_restaurant,Sate Sambas,Jakarta Selatan,INEXPENSIVE
106.8122201,-6.2329917,4.6,korean_restaurant,Legend of Noodle,Jakarta Selatan,INEXPENSIVE
106.7889313,-6.2448842,4.5,barbecue_restaurant,Panglima BBQ Ribs,Jakarta Selatan,INEXPENSIVE
106.7917934,-6.2417112,4.8,ramen_restaurant,Roji Ramen Kamaja,Jakarta Selatan,INEXPENSIVE
106.813605,-6.2359415,4.6,italian_restaurant,THE GARDEN OSTERIA,Jakarta Selatan,INEXPENSIVE
106.759439,-6.2709182,4.1,restaurant,Mie Gacoan - Bintaro,Jakarta Selatan,INEXPENSIVE
106.8089249,-6.2684581,4.6,restaurant,Winglok Hongkong Dimsum Antasari,Jakarta Selatan,EXPENSIVE
106.8004725,-6.2746705,4.6,restaurant,Levant Boulangerie,Jakarta Selatan,MODERATE
106.8177559,-6.2893489,4.5,restaurant,Cerita Rasa Restaurant,Jakarta Selatan,EXPENSIVE
106.7992724,-6.2773195,4.6,indonesian_restaurant,Pagi Sore,Jakarta Selatan,EXPENSIVE
106.7992485,-6.2962023,4.5,hotel,Park5 Simatupang,Jakarta Selatan,EXPENSIVE
106.7781514,-6.2899462,4.5,hotel,Grand Whiz Poins Simatupang Jakarta,Jakarta Selatan,EXPENSIVE
106.788343,-6.263628,4.4,hotel,ASTON Bellevue Radio Dalam,Jakarta Selatan,INEXPENSIVE
106.7630265,-6.2745982,4.5,indonesian_restaurant,Sate Kambing dan Thengkleng Pak Manto Veteran,Jakarta Selatan,EXPENSIVE
106.8187574,-6.2871337,4.8,japanese_restaurant,Hachi Grill Ampera,Jakarta Selatan,MODERATE
106.8131421,-6.278916,4.6,indonesian_restaurant,Pagi Sore Jeruk Purut,Jakarta Selatan,EXPENSIVE
106.773439,-6.2972338,4.8,japanese_restaurant,Shabu Hachi Lebak Bulus Jakarta,Jakarta Selatan,EXPENSIVE
106.7827599,-6.3326503,4.6,shopping_mall,Living Plaza Cinere,Jakarta Selatan,MODERATE
106.8034979,-6.3137142,3.9,restaurant,Rojo Sambel Andara,Jakarta Selatan,INEXPENSIVE
106.7978033,-6.2779071,4.4,fast_food_restaurant,McDonald's Fatmawati,Jakarta Selatan,INEXPENSIVE
106.8051401,-6.2786293,4.5,restaurant,Twin House Cipete,Jakarta Selatan,MODERATE
106.7859521,-6.3428676,4.5,restaurant,SEDJUK BAKMI & KOPI CINERE,Jakarta Selatan,MODERATE
106.8007541,-6.2775806,4.6,steak_house,Justus Steak House Cipete,Jakarta Selatan,EXPENSIVE
106.793015,-6.301829,4.5,restaurant,SEDJUK BAKMI & KOPI CILANDAK,Jakarta Selatan,MODERATE
106.7985993,-6.2941496,4.4,indonesian_restaurant,Teh Tarik Johny,Jakarta Selatan,EXPENSIVE
106.8213011,-6.2115987,4.5,community_center,Chillax Sudirman,Jakarta Selatan,INEXPENSIVE
106.8238934,-6.2242218,4.8,hotel,Raffles Jakarta,Jakarta Selatan,EXPENSIVE
106.8122201,-6.2329917,4.6,korean_restaurant,Legend of Noodle,Jakarta Selatan,MODERATE
106.8149517,-6.2151622,4.6,indonesian_restaurant,Bopet Mini Benhil,Jakarta Selatan,EXPENSIVE
106.8153762,-6.2340147,4.6,restaurant,"Kedai Mie Tjap 1000 Tahun, Senopati",Jakarta Selatan,EXPENSIVE
106.813605,-6.2359415,4.6,italian_restaurant,THE GARDEN OSTERIA,Jakarta Selatan,INEXPENSIVE
106.8195716,-6.2271121,4.4,hotel,favehotel Gatot Subroto Jakarta,Jakarta Selatan,EXPENSIVE
106.8190642,-6.2318662,4.8,japanese_restaurant,Shabu Hachi Gatot Subroto,Jakarta Selatan,MODERATE
106.8373886,-6.2404563,4.9,japanese_restaurant,Hachi Grill Gatot Subroto,Jakarta Selatan,MODERATE
106.8337835,-6.2213856,4.4,coffee_shop,Lucky Cat Coffee & Kitchen,Jakarta Selatan,EXPENSIVE
106.8099345,-6.2268969,4.5,korean_restaurant,Yongdaeri Korean BBQ,Jakarta Selatan,EXPENSIVE
106.8117458,-6.2274919,4.5,restaurant,SEDJUK Bakmi & Kopi SCBD,Jakarta Selatan,INEXPENSIVE
106.8107656,-6.2286361,4.5,bar,Beer Hall,Jakarta Selatan,INEXPENSIVE
106.8131786,-6.2260056,4.6,restaurant,Ã‰LYSÃ‰E SCBD,Jakarta Selatan,MODERATE
106.8092159,-6.2272683,4.5,restaurant,Titik Temu Cafe - SCBD,Jakarta Selatan,MODERATE
106.8257537,-6.2275116,4.5,restaurant,LOEWY,Jakarta Selatan,INEXPENSIVE
106.8209242,-6.2293236,4.5,indonesian_restaurant,Bebek Perdikan,Jakarta Selatan,INEXPENSIVE
106.8099158,-6.2267173,4.8,korean_restaurant,ì°¬ì°¬ ChanChan Korean BBQ,Jakarta Selatan,INEXPENSIVE
106.8161499,-6.217378,4.5,fast_food_restaurant,McDonald's,Jakarta Selatan,INEXPENSIVE
106.8120281,-6.2336888,4.6,japanese_restaurant,Okuzono Japanese Dining,Jakarta Selatan,MODERATE
106.8618948,-6.312635,4.6,shopping_mall,Graha Cijantung Mall,Jakarta Selatan,INEXPENSIVE
106.8345629,-6.3013214,4.8,hotel,ASTON Priority Simatupang Hotel & Conference Center,Jakarta Selatan,INEXPENSIVE
106.8089249,-6.2684581,4.6,restaurant,Winglok Hongkong Dimsum Antasari,Jakarta Selatan,EXPENSIVE
106.8144371,-6.257539,4.6,fast_food_restaurant,McDonald's Kemang Raya,Jakarta Selatan,EXPENSIVE
106.8004725,-6.2746705,4.6,restaurant,Levant Boulangerie,Jakarta Selatan,MODERATE
106.8311636,-6.2629467,4,restaurant,Warunk WOW KWB Jakarta Selatan,Jakarta Selatan,MODERATE
106.8177559,-6.2893489,4.5,restaurant,Cerita Rasa Restaurant,Jakarta Selatan,INEXPENSIVE
106.7992724,-6.2773195,4.6,indonesian_restaurant,Pagi Sore,Jakarta Selatan,MODERATE
106.8480716,-6.3036272,4.6,fast_food_restaurant,McDonald's Simatupang Tanjung Barat,Jakarta Selatan,MODERATE
106.7992485,-6.2962023,4.5,hotel,Park5 Simatupang,Jakarta Selatan,EXPENSIVE
106.815113,-6.258459,4.1,restaurant,Bebek Carok Kemang,Jakarta Selatan,MODERATE
106.8373886,-6.2404563,4.9,japanese_restaurant,Hachi Grill Gatot Subroto,Jakarta Selatan,EXPENSIVE
106.8155333,-6.2594698,4,bakery,Roti Romi - Roti Mimpi Indah,Jakarta Selatan,MODERATE
106.8647746,-6.2621994,4.4,hotel,favehotel PGC Cililitan,Jakarta Selatan,MODERATE
106.8187574,-6.2871337,4.8,japanese_restaurant,Hachi Grill Ampera,Jakarta Selatan,EXPENSIVE
106.8131421,-6.278916,4.6,indonesian_restaurant,Pagi Sore Jeruk Purut,Jakarta Selatan,EXPENSIVE
106.8095056,-6.2555355,4.5,restaurant,Oh My Grill Kemang,Jakarta Selatan,MODERATE
106.8557735,-6.2897684,4.7,middle_eastern_restaurant,Ajwad Resto,Jakarta Selatan,MODERATE
106.8116975,-6.2557535,4.4,fast_food_restaurant,KFC Kemang,Jakarta Selatan,MODERATE
106.8149928,-6.2674842,4.5,chinese_restaurant,HAKA Dimsum KEMANG,Jakarta Selatan,INEXPENSIVE
106.9228532,-6.2273361,4.5,fast_food_restaurant,McDonald's Duren Sawit,Jakarta Timur,EXPENSIVE
106.9149136,-6.2219832,4.5,indonesian_restaurant,"Sambal Bakar Indonesia, Duren Sawit",Jakarta Timur,MODERATE
106.9558099,-6.1759833,4.1,restaurant,Mie Gacoan Jakarta JGC,Jakarta Timur,EXPENSIVE
106.9655408,-6.2328217,4.4,restaurant,Mie Gacoan Bekasi - Bintara,Jakarta Timur,INEXPENSIVE
106.9763848,-6.1912281,4.5,fast_food_restaurant,McDonald's - Kota Harapan Indah,Jakarta Timur,EXPENSIVE
106.9451647,-6.1843887,4.4,restaurant,warung mama zafran,Jakarta Timur,INEXPENSIVE
106.9071292,-6.2139543,4.5,restaurant,Pancong Rest Coffee,Jakarta Timur,INEXPENSIVE
106.9246816,-6.1704333,4.6,seafood_restaurant,Layar Seafood Dan Ikan Bakar Sedayu City,Jakarta Timur,MODERATE
106.9756062,-6.1891115,4.5,restaurant,Mr.Sumo Harapan Indah,Jakarta Timur,MODERATE
106.9013024,-6.2100327,4.5,indonesian_restaurant,Nasi Uduk dan Ayam Goreng Mat Lengket,Jakarta Timur,MODERATE
106.9308542,-6.1607237,4.5,fast_food_restaurant,McDonald's Sedayu City,Jakarta Timur,EXPENSIVE
106.923727,-6.166651,4.6,restaurant,B'Steak Grill & Pancake Sedayu City Kelapa Gading,Jakarta Timur,MODERATE
106.974472,-6.191884,4.4,fast_food_restaurant,KFC - Kota Harapan Indah,Jakarta Timur,MODERATE
106.9261193,-6.165778,4.8,restaurant,Roji Ramen Sedayu City,Jakarta Timur,EXPENSIVE
106.9212898,-6.1694359,4.7,restaurant,HAKA Restaurant Sedayu City,Jakarta Timur,MODERATE
106.9753089,-6.2213216,4.2,indonesian_restaurant,Bakso BTS Kranji Official,Jakarta Timur,INEXPENSIVE
106.9653832,-6.2326716,4.5,fast_food_restaurant,McDonald's,Jakarta Timur,EXPENSIVE
106.9564272,-6.175508,4.6,fast_food_restaurant,McDonald's JGC - Jakarta Garden City,Jakarta Timur,EXPENSIVE
106.9744408,-6.1901839,4.5,restaurant,Bebek Kaleyo - Kota Harapan Indah,Jakarta Timur,MODERATE
106.9763166,-6.1895096,4.2,indonesian_restaurant,Bumbu Desa Harapan Indah,Jakarta Timur,INEXPENSIVE
106.9228532,-6.2273361,4.5,fast_food_restaurant,McDonald's Duren Sawit,Jakarta Timur,EXPENSIVE
106.9149136,-6.2219832,4.5,indonesian_restaurant,"Sambal Bakar Indonesia, Duren Sawit",Jakarta Timur,EXPENSIVE
106.907827,-6.2466739,4.5,fast_food_restaurant,KFC Kalimalang,Jakarta Timur,MODERATE
106.928609,-6.248034,4.6,indonesian_restaurant,Pagi Sore Kalimalang,Jakarta Timur,INEXPENSIVE
106.8948146,-6.2107032,4.3,indonesian_restaurant,Nasi Bebek Mak Isa 1,Jakarta Timur,MODERATE
106.900784,-6.2244722,4.6,restaurant,Es Dawet Duren Pak Slamet,Jakarta Timur,MODERATE
106.8940775,-6.2332067,4.2,restaurant,Coverage Backyard,Jakarta Timur,EXPENSIVE
106.9253107,-6.2565357,4.5,restaurant,Diatap Coffee & Eatery,Jakarta Timur,INEXPENSIVE
106.9071292,-6.2139543,4.5,restaurant,Pancong Rest Coffee,Jakarta Timur,INEXPENSIVE
106.8759921,-6.2326211,4.6,restaurant,Bruen Coffee & Kitchen,Jakarta Timur,INEXPENSIVE
106.9096394,-6.252949,4.6,pizza_restaurant,Pizza Hut Restoran,Jakarta Timur,INEXPENSIVE
106.8997062,-6.238565,4.5,fast_food_restaurant,McDonald's,Jakarta Timur,EXPENSIVE
106.8805771,-6.1994066,4.5,indonesian_restaurant,Bakso Bakwan Malang Cak Su Kumis,Jakarta Timur,EXPENSIVE
106.914632,-6.245832,4.7,coffee_shop,Masalalu,Jakarta Timur,INEXPENSIVE
106.8875172,-6.2189142,4.5,indonesian_restaurant,Sari Idaman,Jakarta Timur,INEXPENSIVE
106.9013024,-6.2100327,4.5,indonesian_restaurant,Nasi Uduk dan Ayam Goreng Mat Lengket,Jakarta Timur,EXPENSIVE
106.9154945,-6.2478645,4.5,restaurant,Bakmi Golek,Jakarta Timur,INEXPENSIVE
106.8849725,-6.2008668,4.6,indonesian_restaurant,Asinan Betawi H.Mansyur Kamboja,Jakarta Timur,INEXPENSIVE
106.8908617,-6.2391857,4.4,cafe,COVERAGE COFFEE & EATERY,Jakarta Timur,MODERATE
106.8820386,-6.1969304,4.6,indonesian_restaurant,Pagi Sore Rawamangun,Jakarta Timur,EXPENSIVE
106.9228532,-6.2273361,4.5,fast_food_restaurant,McDonald's Duren Sawit,Jakarta Timur,EXPENSIVE
106.9149136,-6.2219832,4.5,indonesian_restaurant,"Sambal Bakar Indonesia, Duren Sawit",Jakarta Timur,EXPENSIVE
106.907827,-6.2466739,4.5,fast_food_restaurant,KFC Kalimalang,Jakarta Timur,INEXPENSIVE
106.9451647,-6.1843887,4.4,restaurant,warung mama zafran,Jakarta Timur,EXPENSIVE
106.928609,-6.248034,4.6,indonesian_restaurant,Pagi Sore Kalimalang,Jakarta Timur,EXPENSIVE
106.8948146,-6.2107032,4.3,indonesian_restaurant,Nasi Bebek Mak Isa 1,Jakarta Timur,MODERATE
106.8815855,-6.1928302,4.6,fast_food_restaurant,McDonald's Pemuda,Jakarta Timur,MODERATE
106.8977585,-6.1731223,4.6,restaurant,Pallubasa Serigala Kelapa Gading,Jakarta Timur,EXPENSIVE
106.900784,-6.2244722,4.6,restaurant,Es Dawet Duren Pak Slamet,Jakarta Timur,INEXPENSIVE
106.8940775,-6.2332067,4.2,restaurant,Coverage Backyard,Jakarta Timur,EXPENSIVE
106.9071292,-6.2139543,4.5,restaurant,Pancong Rest Coffee,Jakarta Timur,INEXPENSIVE
106.9246816,-6.1704333,4.6,seafood_restaurant,Layar Seafood Dan Ikan Bakar Sedayu City,Jakarta Timur,EXPENSIVE
106.8805771,-6.1994066,4.5,indonesian_restaurant,Bakso Bakwan Malang Cak Su Kumis,Jakarta Timur,MODERATE
106.9096394,-6.252949,4.6,pizza_restaurant,Pizza Hut Restoran,Jakarta Timur,MODERATE
106.8997062,-6.238565,4.5,fast_food_restaurant,McDonald's,Jakarta Timur,MODERATE
106.8875172,-6.2189142,4.5,indonesian_restaurant,Sari Idaman,Jakarta Timur,MODERATE
106.9013024,-6.2100327,4.5,indonesian_restaurant,Nasi Uduk dan Ayam Goreng Mat Lengket,Jakarta Timur,MODERATE
106.914632,-6.245832,4.7,coffee_shop,Masalalu,Jakarta Timur,INEXPENSIVE
106.8820386,-6.1969304,4.6,indonesian_restaurant,Pagi Sore Rawamangun,Jakarta Timur,MODERATE
106.8849725,-6.2008668,4.6,indonesian_restaurant,Asinan Betawi H.Mansyur Kamboja,Jakarta Timur,MODERATE
106.8618948,-6.312635,4.6,shopping_mall,Graha Cijantung Mall,Jakarta Timur,EXPENSIVE
106.8345629,-6.3013214,4.8,hotel,ASTON Priority Simatupang Hotel & Conference Center,Jakarta Timur,EXPENSIVE
106.8311636,-6.2629467,4,restaurant,Warunk WOW KWB Jakarta Selatan,Jakarta Timur,INEXPENSIVE
106.8480716,-6.3036272,4.6,fast_food_restaurant,McDonald's Simatupang Tanjung Barat,Jakarta Timur,INEXPENSIVE
106.8647746,-6.2621994,4.4,hotel,favehotel PGC Cililitan,Jakarta Timur,EXPENSIVE
106.8187574,-6.2871337,4.8,japanese_restaurant,Hachi Grill Ampera,Jakarta Timur,MODERATE
106.8731721,-6.2454674,4.6,cafe,It'sMyCoffee @ HK Tower,Jakarta Timur,MODERATE
106.8557735,-6.2897684,4.7,middle_eastern_restaurant,Ajwad Resto,Jakarta Timur,MODERATE
106.830819,-6.2975051,4.4,restaurant,Wajan Sunda,Jakarta Timur,MODERATE
106.8256265,-6.2710395,4.6,restaurant,SEDJUK BAKMI & KOPI PEJATEN,Jakarta Timur,EXPENSIVE
106.846625,-6.2698674,4.5,indonesian_restaurant,Bakso Titoti Wonogiri,Jakarta Timur,INEXPENSIVE
106.8724211,-6.2517898,4.4,fast_food_restaurant,CFC - RS. UKI Cawang,Jakarta Timur,MODERATE
106.8657986,-6.2505971,4.4,restaurant,Bakmi Golek Cawang,Jakarta Timur,EXPENSIVE
106.8655332,-6.3281276,4.4,restaurant,KFC Ciracas,Jakarta Timur,INEXPENSIVE
106.8441543,-6.2651439,4.4,cafe,Bangi Kopi Pasar Minggu,Jakarta Timur,INEXPENSIVE
106.8431293,-6.2501157,4.6,fast_food_restaurant,McDonald's Perdatam,Jakarta Timur,INEXPENSIVE
106.8642052,-6.3209407,4.7,restaurant,SEDJUK BAKMI & KOPI CIJANTUNG,Jakarta Timur,INEXPENSIVE
106.8455517,-6.2678975,4.4,restaurant,Rumah Sarwono,Jakarta Timur,MODERATE
106.8472773,-6.2552107,4.6,restaurant,TMP KALIBATA,Jakarta Timur,MODERATE
106.8277075,-6.2775487,4,restaurant,Dadar Beredar - Jaksel,Jakarta Timur,EXPENSIVE
106.9241296,-6.3113401,4.4,fast_food_restaurant,McDonald's,Jakarta Timur,INEXPENSIVE
106.8531058,-6.3558018,4.3,restaurant,Mie Gacoan Depok Kelapa Dua,Jakarta Timur,MODERATE
106.8811644,-6.3704392,4.5,indonesian_restaurant,Dapur Ngacir,Jakarta Timur,INEXPENSIVE
106.8883443,-6.3313765,4.5,fast_food_restaurant,McDonald's Cipayung,Jakarta Timur,INEXPENSIVE
106.8968912,-6.3704014,4.5,fast_food_restaurant,McDonald's Cibubur,Jakarta Timur,INEXPENSIVE
106.923052,-6.3414024,4.4,restaurant,Tsamara Resto,Jakarta Timur,INEXPENSIVE
106.9264672,-6.345533,4,indonesian_restaurant,Sha-Waregna Bekasi,Jakarta Timur,MODERATE
106.9265228,-6.3530783,4.6,restaurant,The Joglo Garden,Jakarta Timur,MODERATE
106.896917,-6.3700845,4.4,seafood_restaurant,Gubug Udang Restaurant,Jakarta Timur,EXPENSIVE
106.896912,-6.37538,4.4,indonesian_restaurant,Sate Maranggi Haji Yetty - Cabang Cibubur,Jakarta Timur,INEXPENSIVE
106.8655332,-6.3281276,4.4,restaurant,KFC Ciracas,Jakarta Timur,MODERATE
106.9223411,-6.3803913,4.5,restaurant,Bakmi Golek,Jakarta Timur,EXPENSIVE
106.8535537,-6.3552551,4.4,indonesian_restaurant,Rumah Makan Lesehan Pondok Laras,Jakarta Timur,EXPENSIVE
106.8642052,-6.3209407,4.7,restaurant,SEDJUK BAKMI & KOPI CIJANTUNG,Jakarta Timur,MODERATE
106.8898611,-6.3398719,4.5,hamburger_restaurant,Burger King Cibubur Square,Jakarta Timur,MODERATE
106.881187,-6.3634003,4.8,cafe,Teras Rumah Nenek,Jakarta Timur,EXPENSIVE
106.91466,-6.3801,4.6,restaurant,MAKAN BAWAH POHON,Jakarta Timur,INEXPENSIVE
106.8901491,-6.3561997,4.2,restaurant,Teras Rimbun,Jakarta Timur,EXPENSIVE
106.9032125,-6.3767539,4.4,korean_restaurant,Restoran Dae Ga,Jakarta Timur,EXPENSIVE
106.9240673,-6.30862,4.5,indonesian_restaurant,Sambal Bakar Indonesia,Jakarta Timur,MODERATE
106.9558099,-6.1759833,4.1,restaurant,Mie Gacoan Jakarta JGC,Jakarta Utara,INEXPENSIVE
106.9451647,-6.1843887,4.4,restaurant,warung mama zafran,Jakarta Utara,INEXPENSIVE
106.9246816,-6.1704333,4.6,seafood_restaurant,Layar Seafood Dan Ikan Bakar Sedayu City,Jakarta Utara,MODERATE
106.9308542,-6.1607237,4.5,fast_food_restaurant,McDonald's Sedayu City,Jakarta Utara,MODERATE
106.923727,-6.166651,4.6,restaurant,B'Steak Grill & Pancake Sedayu City Kelapa Gading,Jakarta Utara,MODERATE
106.9261193,-6.165778,4.8,restaurant,Roji Ramen Sedayu City,Jakarta Utara,EXPENSIVE
106.9157463,-6.1552009,3.4,restaurant,Nasi Tempong Indra Bali Cabang Kelapa Gading Jakarta Utara,Jakarta Utara,MODERATE
106.9212898,-6.1694359,4.7,restaurant,HAKA Restaurant Sedayu City,Jakarta Utara,EXPENSIVE
106.9564272,-6.175508,4.6,fast_food_restaurant,McDonald's JGC - Jakarta Garden City,Jakarta Utara,MODERATE
106.9099686,-6.1456921,4.3,restaurant,Warung Bu Jess,Jakarta Utara,INEXPENSIVE
106.9260939,-6.1613971,4.6,restaurant,BPK Saksang Goyang Lidah,Jakarta Utara,EXPENSIVE
106.9750692,-6.1685417,4.7,restaurant,Winglok Hongkong Dimsum Harapan Indah,Jakarta Utara,MODERATE
106.9280026,-6.1668645,4.4,restaurant,TERAS DAPUR JUM,Jakarta Utara,MODERATE
106.9741774,-6.170907,4.4,restaurant,Kampung Kecil Harapan Indah,Jakarta Utara,MODERATE
106.9744771,-6.1606796,4.5,indonesian_restaurant,Ikan Bakar Cianjur - Harapan Indah,Jakarta Utara,INEXPENSIVE
106.954926,-6.1773975,4.4,indonesian_restaurant,Sambal Bakar Indonesia JGC,Jakarta Utara,EXPENSIVE
106.9571223,-6.1727616,4.5,cafe,Publika Eat and Coffee,Jakarta Utara,MODERATE
106.9125938,-6.1482132,4.5,indonesian_restaurant,Kembang Kawung,Jakarta Utara,INEXPENSIVE
106.9286567,-6.1609066,4.8,indonesian_restaurant,Akibat Bebek Muda Sedayu,Jakarta Utara,INEXPENSIVE
106.9270644,-6.1632777,4.7,seafood_restaurant,Kampoeng Seafood Sedayu City,Jakarta Utara,INEXPENSIVE
106.9101773,-6.1574219,4.6,hotel,HARRIS Hotel & Conventions Kelapa Gading,Jakarta Utara,EXPENSIVE
106.9089566,-6.1526374,4.6,seafood_restaurant,Wiro Sableng 212 Kelapa Gading,Jakarta Utara,EXPENSIVE
106.9096753,-6.1507078,4.7,seafood_restaurant,Wiro Sableng Garden,Jakarta Utara,MODERATE
106.8954508,-6.1559008,4.5,seafood_restaurant,Seafood Ayu,Jakarta Utara,INEXPENSIVE
106.892725,-6.152925,4.5,chinese_restaurant,Angke Restaurant - Kelapa Gading,Jakarta Utara,EXPENSIVE
106.8964801,-6.1468205,4.6,fast_food_restaurant,McDonald's Kelapa Gading,Jakarta Utara,INEXPENSIVE
106.8819507,-6.1443777,4.7,indonesian_restaurant,Pagi Sore Cab Sunter,Jakarta Utara,EXPENSIVE
106.9093581,-6.1470797,4.4,restaurant,Oh My Grill,Jakarta Utara,INEXPENSIVE
106.8946506,-6.1451264,4.9,restaurant,Black Owl - Kelapa Gading,Jakarta Utara,INEXPENSIVE
106.884073,-6.140578,4.5,fast_food_restaurant,McDonald's Sunter,Jakarta Utara,EXPENSIVE
106.8756783,-6.138133,4.3,restaurant,Bebek Carok - Sunter,Jakarta Utara,INEXPENSIVE
106.9308542,-6.1607237,4.5,fast_food_restaurant,McDonald's Sedayu City,Jakarta Utara,INEXPENSIVE
106.898867,-6.1569555,4.5,restaurant,Popeyes Kelapa Gading,Jakarta Utara,EXPENSIVE
106.8964996,-6.1558437,4.6,bar,HW Live House Kelapa Gading,Jakarta Utara,MODERATE
106.9157463,-6.1552009,3.4,restaurant,Nasi Tempong Indra Bali Cabang Kelapa Gading Jakarta Utara,Jakarta Utara,EXPENSIVE
106.908186,-6.1471478,4.7,seafood_restaurant,Warung SCI Prikphun Manow,Jakarta Utara,EXPENSIVE
106.8784994,-6.1367448,4.8,athletic_field,Trinity Arena,Jakarta Utara,INEXPENSIVE
106.8959083,-6.1562381,4.6,cafe,Hours : Coffee - BBQ - Event Space,Jakarta Utara,MODERATE
106.8925169,-6.1549063,4.4,chinese_restaurant,Golden Leaf,Jakarta Utara,INEXPENSIVE
106.9261193,-6.165778,4.8,restaurant,Roji Ramen Sedayu City,Jakarta Utara,MODERATE
106.8336548,-6.1668678,4.6,shopping_mall,Pos Bloc Jakarta,Jakarta Utara,EXPENSIVE
106.8434155,-6.1225765,4.6,seafood_restaurant,Bandar Djakarta,Jakarta Utara,MODERATE
106.8493247,-6.1608762,4.6,restaurant,TanSu Kemayoran,Jakarta Utara,INEXPENSIVE
106.8386859,-6.1481438,4.6,hotel,Grand Orchardz Kemayoran,Jakarta Utara,INEXPENSIVE
106.8323,-6.1630706,4.5,hotel,YUAN GARDEN Pasar Baru,Jakarta Utara,EXPENSIVE
106.8584229,-6.1157758,4.1,restaurant,Walking Drums Ancol,Jakarta Utara,EXPENSIVE
106.8679208,-6.1694145,4.2,coffee_shop,Kaizen Coffee 4.0 / Kaizen Heritage,Jakarta Utara,INEXPENSIVE
106.8457796,-6.1541007,4.8,hotel,Aston Kemayoran City Hotel,Jakarta Utara,INEXPENSIVE
106.8664631,-6.1386393,4.2,restaurant,Dadar Beredar - Sunter,Jakarta Utara,INEXPENSIVE
106.831043,-6.1357495,4.3,hotel,Hotel NEO Mangga Dua Square,Jakarta Utara,MODERATE
106.8954508,-6.1559008,4.5,seafood_restaurant,Seafood Ayu,Jakarta Utara,EXPENSIVE
106.892725,-6.152925,4.5,chinese_restaurant,Angke Restaurant - Kelapa Gading,Jakarta Utara,EXPENSIVE
106.8496531,-6.1199997,4.4,fast_food_restaurant,McDonald's Pantai Ancol,Jakarta Utara,INEXPENSIVE
106.8464678,-6.1548271,4.2,hotel,Nam Centre,Jakarta Utara,EXPENSIVE
106.8670464,-6.1759624,4.8,japanese_restaurant,"Shukaku Shabu, BBQ & Agemono",Jakarta Utara,MODERATE
106.8964801,-6.1468205,4.6,fast_food_restaurant,McDonald's Kelapa Gading,Jakarta Utara,EXPENSIVE
106.8315747,-6.1588769,4.5,indonesian_restaurant,Rumah Makan Medan Baru,Jakarta Utara,EXPENSIVE
106.8819507,-6.1443777,4.7,indonesian_restaurant,Pagi Sore Cab Sunter,Jakarta Utara,MODERATE
106.8408972,-6.1216788,4.4,resort_hotel,Putri Duyung Cottage,Jakarta Utara,MODERATE
106.8582061,-6.1456466,4.6,fast_food_restaurant,McDonald's Sunter Barat,Jakarta Utara,EXPENSIVE
106.7909758,-6.1272711,4.5,shopping_mall,Emporium Pluit Mall,Jakarta Utara,INEXPENSIVE
106.8336548,-6.1668678,4.6,shopping_mall,Pos Bloc Jakarta,Jakarta Utara,EXPENSIVE
106.8434155,-6.1225765,4.6,seafood_restaurant,Bandar Djakarta,Jakarta Utara,INEXPENSIVE
106.8386859,-6.1481438,4.6,hotel,Grand Orchardz Kemayoran,Jakarta Utara,INEXPENSIVE
106.8323,-6.1630706,4.5,hotel,YUAN GARDEN Pasar Baru,Jakarta Utara,INEXPENSIVE
106.8493247,-6.1608762,4.6,restaurant,TanSu Kemayoran,Jakarta Utara,EXPENSIVE
106.8170028,-6.146228,4.6,hotel,Sun City,Jakarta Utara,MODERATE
106.8298953,-6.1697846,4.4,ice_cream_shop,Ragusa Es Italia,Jakarta Utara,EXPENSIVE
106.7951555,-6.1243478,4.5,hotel,ASTON Pluit Hotel & Residence,Jakarta Utara,EXPENSIVE
106.8584229,-6.1157758,4.1,restaurant,Walking Drums Ancol,Jakarta Utara,EXPENSIVE
106.8127579,-6.1344394,4.4,restaurant,CafÃ© Batavia,Jakarta Utara,EXPENSIVE
106.819556,-6.16079,4.5,fast_food_restaurant,McDonald's Hayam Wuruk,Jakarta Utara,MODERATE
106.8457796,-6.1541007,4.8,hotel,Aston Kemayoran City Hotel,Jakarta Utara,INEXPENSIVE
106.8167709,-6.1599069,4.5,chinese_restaurant,Angke Restaurant - Ketapang,Jakarta Utara,EXPENSIVE
106.831043,-6.1357495,4.3,hotel,Hotel NEO Mangga Dua Square,Jakarta Utara,EXPENSIVE
106.82534,-6.16308,4.5,seafood_restaurant,Pondok Laguna,Jakarta Utara,EXPENSIVE
106.7794842,-6.115735,4.5,seafood_restaurant,Aromasop Seafood,Jakarta Utara,INEXPENSIVE
106.7902572,-6.1033752,4.5,seafood_restaurant,Jetski Cafe,Jakarta Utara,INEXPENSIVE
106.8496531,-6.1199997,4.4,fast_food_restaurant,McDonald's Pantai Ancol,Jakarta Utara,EXPENSIVE
106.7846999,-6.1221394,4.4,restaurant,Ropang Plus Plus,Jakarta Utara,EXPENSIVE
106.7909758,-6.1272711,4.5,shopping_mall,Emporium Pluit Mall,Jakarta Utara,MODERATE
106.8170028,-6.146228,4.6,hotel,Sun City,Jakarta Utara,EXPENSIVE
106.7951555,-6.1243478,4.5,hotel,ASTON Pluit Hotel & Residence,Jakarta Utara,MODERATE
106.7741074,-6.1044905,4.2,seafood_restaurant,Resto Apung Muara Angke,Jakarta Utara,MODERATE
106.8127579,-6.1344394,4.4,restaurant,CafÃ© Batavia,Jakarta Utara,MODERATE
106.7794842,-6.115735,4.5,seafood_restaurant,Aromasop Seafood,Jakarta Utara,EXPENSIVE
106.7490059,-6.0925945,4.5,indonesian_restaurant,Bipang Ambawang Cabang PIK,Jakarta Utara,INEXPENSIVE
106.7902572,-6.1033752,4.5,seafood_restaurant,Jetski Cafe,Jakarta Utara,EXPENSIVE
106.7846999,-6.1221394,4.4,restaurant,Ropang Plus Plus,Jakarta Utara,INEXPENSIVE
106.7748524,-6.1157948,4.5,fast_food_restaurant,McDonald's,Jakarta Utara,EXPENSIVE
106.7761526,-6.1156314,4.6,restaurant,Grand Wingheng Hongkong Dimsum Muara Karang,Jakarta Utara,EXPENSIVE
106.79207,-6.11103,4.6,indonesian_restaurant,Pondok Kemangi Pluit,Jakarta Utara,MODERATE
106.7482408,-6.0923298,4.9,sushi_restaurant,Secret Sushi by Okinawa Sushi,Jakarta Utara,INEXPENSIVE
106.799882,-6.101324,4.6,sushi_restaurant,Sushi Masa,Jakarta Utara,INEXPENSIVE
106.815353,-6.132849,4.6,seafood_restaurant,Fortune Star Function Hall,Jakarta Utara,INEXPENSIVE
106.8126868,-6.1205192,4.6,seafood_restaurant,Marina Batavia,Jakarta Utara,MODERATE
106.7579159,-6.1165833,4.6,chinese_restaurant,Angke Restaurant - PIK,Jakarta Utara,INEXPENSIVE
106.817826,-6.145238,4.2,hotel,favehotel LTC Glodok,Jakarta Utara,INEXPENSIVE
106.7979826,-6.1243366,4.4,american_restaurant,Steak mpok judes,Jakarta Utara,EXPENSIVE
106.780137,-6.1079379,4.5,seafood_restaurant,Bandar Djakarta Baywalk Pluit,Jakarta Utara,MODERATE
